Suchanfrage,Impressionen,Ändern,Klicks,Ändern,CTR,Ändern,Durchschn. Pos.,Ändern
istqb logo,170,∞,<10,∞,-,,"3,4",
software testing,60,275 %,<10,∞,-,,"7,0","5,0"
istqb,16,∞,<10,∞,-,,12,
markus pilz,<10,∞,<10,∞,-,,"8,0",
greenliff,<10,∞,<10,∞,-,,"2,3","-0,6"
istqb prüfung,<10,∞,<10,∞,-,,13,
istqb test manager,<10,∞,<10,∞,-,,40,
indian testing board,<10,∞,<10,∞,-,,62,
now hiring sign,<10,∞,<10,∞,-,,210,
agile testing,<10,∞,<10,∞,-,,100,
agile,<10,∞,<10,∞,-,,450,
istqb certification logo,<10,∞,<10,∞,-,,"7,0",
istqb foundation level,<10,∞,<10,∞,-,,"8,0",
software testing jobs in switzerland,<10,∞,<10,∞,-,,11,
isqtb,<10,∞,<10,∞,-,,"8,0",
software tester,<10,∞,<10,∞,-,,"7,5",
