Domains,Links,Verlinkte Seiten
greenliff.com,85,21
website-datenbank.de,45,1
chapterpdf.com,33,2
doc-txt.com,23,3
documentsearch.org,22,2
webwiki.de,18,1
pressabout.us,14,2
ownersguidepdf.com,14,1
imbus.de,10,2
pdfflare.com,9,2
yatedo.fr,9,1
xing.com,9,2
jobs.ch,6,1
swisstestingday.ch,6,1
ebookbrowse.com,5,4
wordpress.com,5,1
checkparams.com,4,2
yatedo.com,3,1
eurip.com,3,1
pdfheart.com,3,1
pipl.com,2,2
domaintools.com,2,2
freedownloadingpdf.com,2,2
pressetext.com,2,2
yellow1.ch,2,1
webboar.com,2,2
jug.ch,2,1
123people.de,1,1
123people.es,1,1
name-is.com,1,1
netweaver.ch,1,1
ingjobs.ch,1,1
mercapoint.com,1,1
technopark.ch,1,1
searchpdfebooks.com,1,1
internet-efficiency.ch,1,1
freedownload.is,1,1
mptechnology.ch,1,1
yellowmap.ch,1,1
yellowmap.at,1,1
pdfsource.org,1,1
pdfsbox.com,1,1
freedownloadspdf.net,1,1
webseitenverzeichnis.ch,1,1
testmachine.ch,1,1
cylex-branchenbuch.ch,1,1
ictcareer.ch,1,1
pdflook.com,1,1
dnshistory.org,1,1
webwiki.com,1,1
123people.co.uk,1,1
123people.ch,1,1
findpdfbooks.com,1,1
kompass.ch,1,1
dzone.com,1,1
webfactional.com,1,1
pdfs-free.com,1,1
linkedin.com,1,1
mobibaseswitzerland.com,1,1
askives.com,1,1
